{"current":{"logo":"shopify:\/\/shop_images\/babysocks-180.png","color_body_bg":"rgba(0,0,0,0)","color_borders":"#f38d05","color_title_text":"#f38d05","color_price_text":"#f79a25","color_sale_text":"#f0654c","color_body_text":"#ba9d78","color_body_links":"#edb137","color_button_bg":"#f38d05","color_button_text":"#fbfbfb","color_button_border":"#f38d05","color_button_disabled":"#e2e2e2","color_input_text":"#ba9d78","color_input_bg":"#f7f4f4","color_blockquote_bg":"#da6d6d","product_reviews_star_color":"#f8d95d","color_header_text":"#ba9d78","color_header_cart_search":"#ba9d78","color_header_search_bg":"#f1caca","color_nav_bg":"#fffbf7","color_mob_nav_bg":"#f5d0a8","color_header_text_hover":"#fdb454","color_account":"#e85c20","announcement_color_bg":"#a4d7c7","announcement_color_text":"#ffffff","color_pagination_text_bg":"#ba9d78","color_pagination_text":"#f2f2f2","color_pagination_text_border":"#ba9d78","color_pagination_link_bg":"#fdb454","color_pagination_link":"#f2f2f2","color_pagination_link_border":"#fdb454","color_footer_bg":"#fbbb77","color_footer_text":"#ffffff","color_footer_links":"#ffffff","color_table_odd":"#ffffff","color_table_odd_text":"#ba9d78","color_table_even":"#fffbf7","color_table_even_text":"#ba9d78","color_table_header":"#fbd39e","color_table_header_text":"#ffffff","color_table_link_text":"#f28f11","pre_color0":"#fee7c8","pre_color1":"#bbe062","pre_color2":"#e862ee","pre_color3":"#a4d7c7","pre_color4":"#a4d7c7","title_font":"Ubuntu","title_font_weight":"normal","title_font_size":"2.2em","title_font_transform":true,"body_font":"Ubuntu","body_font_size":"1.1em","footer_font":"Ubuntu","footer_font_size":"0.7em","header_font":"Ubuntu","header_font_size":"1.0em","header_font_weight":"normal","header_font_style":"normal","header_font_transform":true,"button_font":"Ubuntu","button_font_size":"1.1em","label_font_size":"0.9em","button_font_transform":true,"pagination_text_font_size":"1.1em","pagination_link_font_size":"1.2em","table_font_size":"1.2em","table_link_font_size":"1.0em","table_header_font_size":"1.4em","favicon":"","cart_notes_enable":true,"slideshow_body_font":"Ubuntu","slideshow_font_weight":"normal","slideshow_cap_top":"15%","slideshow_cap_left":"5%","slideshow_cap_max-width":"70%","slideshow_cap_maxheight":"85%","slideshow_cap_top_mob":"15%","slideshow_cap_left_mob":"5%","slideshow_cap_width_mob":"90%","slideshow_cap_maxheight_mob":"85%","color_slideshow_cap_text":"#f38d05","color_slideshow_cap_bg":"rgba(0,0,0,0)","color_slideshow_cap_border":"rgba(0,0,0,0)","color_slideshow_cap_link":"#f2f2f2","color_slideshow_cap_link_border":"rgba(0,0,0,0)","color_slideshow_cap_link_bg":"#f38d05","slideshow_cap_border_width":"2px","slideshow_cap_link_border_width":"3px","product_image_zoom_enable":true,"product_quantity_enable":true,"product_quantity_message":true,"product_incoming_message":true,"product_vendor_enable":true,"product_show_compare_at_price":true,"related_products_enable":true,"social_sharing_products":true,"product_reviews_enable":false,"share_image":"","social_twitter_link":"","social_facebook_link":"","social_pinterest_link":"","social_google_plus_link":"","social_instagram_link":"","social_snapchat_link":"","social_tumblr_link":"","social_youtube_link":"","social_vimeo_link":"","social_fancy_link":"","social_sharing_style":"is-normal","share_facebook":true,"share_twitter":true,"share_pinterest":true,"checkout_header_image":"","checkout_logo_image":"","checkout_logo_position":"left","checkout_logo_size":"medium","checkout_body_background_image":"","checkout_body_background_color":"#fff","checkout_input_background_color_mode":"white","checkout_sidebar_background_image":"","checkout_sidebar_background_color":"#fafafa","checkout_heading_font":"Helvetica Neue","checkout_body_font":"Helvetica Neue","checkout_accent_color":"#1990c6","checkout_button_color":"#1990c6","checkout_error_color":"#ff6d6d","slideshow_cap_width":"80%","slideshow_cap_font_size":"1.2em","slideshow_cap_link_font_size":"1.4em","slideshow_cap_link_line_height":"1.7em","slideshow_cap_padding":"3","slideshow_cap_link_padding":"0.8","enable_theme_editing":false,"slideshow_cap_line_height":"1.3em","slideshow_cap_text_align":"left","color_slideshow_cap_border_width":"3px","color_footer_social_link":"#f38d05","color_botton_bg":"#f38d05","color_botton_text":"#f5f2f2","color_botton_border":"#fcdede","superscript_decimals":true,"ajax_cart_method":"drawer","color_links":"#2479e6","color_secondary":"#fdf1e4","color_heading_text":"#f38d05","color_primary":"#f38d05","color_accent":"#ba9d78","Button_font":"'Avant Garde', Avantgarde, 'Century Gothic', CenturyGothic, 'AppleGothic', sans-serif","type_button_size":"14px","base_font_family":"'Avant Garde', Avantgarde, 'Century Gothic', CenturyGothic, 'AppleGothic', sans-serif","base_font_size":"12px","type_base_family":"'Avant Garde', Avantgarde, 'Century Gothic', CenturyGothic, 'AppleGothic', sans-serif","type_base_size":"14px","Title_font":"'Avant Garde', Avantgarde, 'Century Gothic', CenturyGothic, 'AppleGothic', sans-serif","Title_size":"14px","type_header_family":"'HelveticaNeue', 'Helvetica Neue', Helvetica, Arial, sans-serif","type_header_transform":true,"type_accent_family":"Geneva, Tahoma, Verdana, sans-serif","type_navigation_size":"14px","type_navigation_transform":true,"type_button_transform":true,"color_header_background":"#c85151","color_nav_text":"#ffffff","collection_sidebar_filters":"tags","sections":{"header":{"type":"header","settings":{"menu":"main-menu","show_announcement":true,"home_page_only":true,"announcement_text":"PURE® COMING SOON","announcement_link":"","show_buy_button":true,"buy_button_link":"shopify:\/\/products\/baby-socks","show_breadcrumb":false}},"footer":{"type":"footer","blocks":{"1511379806791":{"type":"text","settings":{"title":"","richtext":"<p>Copyright &copy; 2017&nbsp;<a href=\"https:\/\/www.babysocks.uk\/\">Pure&reg; Organic Baby Socks<\/a><\/p>\n<p>VZEN LTD, 20-22 Wenlock Road, London, N1 7GU<\/p>\n<p>Company number: 09759791<\/p>\n<p><a href=\"https:\/\/trademarks.ipo.gov.uk\/ipo-tmcase\/page\/Results\/1\/UK00003264807\">UK Trade Mark Number: UK00003264807<\/a><\/p>"}}},"block_order":["1511379806791"],"settings":{}},"slideshow":{"type":"slideshow","blocks":{"slide-0":{"type":"image","settings":{"slide":"shopify:\/\/shop_images\/8-overlay_7eeae0b3-c58f-499e-a8c7-bf687aca0987.jpg","slide_mob":"shopify:\/\/shop_images\/8-overlay-mob_d5abc95d-7d0d-4321-8bff-83133a4556fc.jpg","block_title":"PURE® ORGANIC BABY SOCKS","richtext":"<p>* Naturally Coloured Organic Cotton&nbsp;from the Golden Latitude<\/p>\n<p>* Hand-Linked-Toe: Luxury Seamless Socks for Babies<\/p>\n<p>* GOTS Certified<\/p>\n<p><\/p>","button_label":"Buy","button_link":"shopify:\/\/products\/baby-socks"}},"1512874031741":{"type":"image","settings":{"slide":"","slide_mob":"","block_title":"Talk about your brand","richtext":"","button_label":"","button_link":""}}},"block_order":["slide-0","1512874031741"],"settings":{"wh_ratio":"21","wh_ratio_mob":"34","slider_auto":false,"slider_rate":"3000","head_text_align":"text-align-left","body_text_align":"text-align-left"}},"collection-list":{"type":"collection-list","disabled":true,"blocks":{"collection-list-0":{"type":"collection","settings":{"collection":""}},"collection-list-1":{"type":"collection","settings":{"collection":""}}},"block_order":["collection-list-0","collection-list-1"],"settings":{}},"collection-row-1":{"type":"collection-rows","disabled":true,"settings":{"title":"Featured collection","home_featured_row":"","grid":4,"rows":1,"product_show_saved_amount":true,"product_show_compare_at_price":false}},"collection-row-2":{"type":"collection-rows","disabled":true,"settings":{"title":"Featured collection","home_featured_row":"","grid":4,"rows":1,"product_show_saved_amount":true,"product_show_compare_at_price":false}},"collection-row-3":{"type":"collection-rows","disabled":true,"settings":{"title":"Featured collection","home_featured_row":"","grid":4,"rows":1,"product_show_saved_amount":true,"product_show_compare_at_price":false}},"collection-template":{"type":"collection-template","settings":{"grid":"4","rows":"6","collection_sidebar_filters":"tags","product_show_compare_at_price":false,"product_show_saved_amount":true,"product_reviews_enable":false,"enable_sidebar":true}},"1511028103602":{"type":"featured-product","settings":{"section_margin":true,"color_bg":"","section_border":"top-border bottom-border","featured_product":"baby-socks","head_text_size":"h3_size","head_text_align":"text-align-center"}},"product-template":{"type":"product-template","settings":{"product_image_zoom_enable":false,"product_quantity_enable":false,"product_quantity_message":false,"product_incoming_message":false,"product_vendor_enable":false,"product_show_compare_at_price":false,"related_products_enable":false,"social_sharing_products":true,"product_reviews_enable":false,"min_max_connect":"-"}},"article-template":{"type":"article-template","settings":{"social_sharing_blog":true,"show_author":false}},"1512668120247":{"type":"image-with-text","settings":{"section_margin":false,"section_border":"fullborder","block_margin":"margin-15pert","image":"shopify:\/\/shop_images\/Organic_Cotton4.jpg","image_mob":"shopify:\/\/shop_images\/Organic_Cotton4.jpg","layout":"float-right","color_img_bg":"","title":"Naturally Colored Organic Cotton","text":"<p>While commercial cotton fibres are all an off-white yellow colour, we are able to grow cotton that is naturally red, brown and even green.<\/p>\n<p><\/p>\n<p>This means that our socks are completely chemical free because they don&rsquo;t have to be dyed (modern socks, even white ones, must be dyed to produce their colour).<\/p>\n<p>PURE&reg; baby socks are ideal for babies, whose sensitive skin can be irritated by chemicals used in the&nbsp;dyeing&nbsp;process.<\/p>","button_label":"df","button_link":"","color_text_bg":"pre_bg_color0","head_text_size":"h4_size","head_text_align":"text-align-center","head_text_color":"title_text_color","body_text_size":"p_size","body_text_align":"text-align-left"}},"1512836617277":{"type":"featured-content","disabled":true,"settings":{"section_margin":true,"color_text_bg":"pre_bg_color0","section_border":"top-border","section_title":"Talk about your brand","head_text_size":"h2_size","head_text_align":"text-align-center","head_text_color":"title_text_color","text":"<p>Use this text to share information about your brand with your customers. Describe a product, share announcements, or welcome customers to your store.Use this text to share information about your brand with your customers. Describe a product, share announcements, or welcome customers to your store.<\/p>","body_text_size":"p_size","body_text_align":"text-align-left"}},"1512938894398":{"type":"featured-text-columns","blocks":{"1512938894398-0":{"type":"text","settings":{"home-features-icon":"&#x2600;","home-features-title":"Free Delivery","home-features-content":"<p>You can get&nbsp;<strong>free delivery&nbsp;<\/strong>on:<\/p>\n<p>All uk orders over &pound;15; All&nbsp;Europe orders over&nbsp;&pound;20; Rest of World orders over&nbsp;&pound;40<\/p>","width":"col-md-4","head_text_size":"h4_size","head_text_align":"text-align-left","head_text_color":"title_text_color","body_text_size":"p_size","body_text_align":"text-align-left"}},"1512938894398-1":{"type":"text","settings":{"home-features-icon":"&#9748;","home-features-title":"Free Returns","home-features-content":"<p>Items that are in the condition&nbsp;you received them in will be accepted for up to<strong>&nbsp;4 WEEKS<\/strong>.<\/p>\n<p>Please return to: Babysocks, 24 Priory Fields, Watford, WD17 4YP, UK<\/p>","width":"col-md-4","head_text_size":"h4_size","head_text_align":"text-align-left","head_text_color":"title_text_color","body_text_size":"p_size","body_text_align":"text-align-left"}},"1512938894398-2":{"type":"text","settings":{"home-features-icon":"&#x2615;","home-features-title":"Contact Us","home-features-content":"<p>Customer Service： care@babysocks.uk<\/p>\n<p><\/p>\n<p>Wholesale and affiliate: sales@babysocks.uk<\/p>","width":"col-md-4","head_text_size":"h3_size","head_text_align":"text-align-left","head_text_color":"title_text_color","body_text_size":"p_size","body_text_align":"text-align-left"}}},"block_order":["1512938894398-0","1512938894398-1","1512938894398-2"],"settings":{"title":"","section_margin":true,"color_text_bg":"","section_border":"top-border","head_text_size":"h1_size","head_text_align":"text-align-center","head_text_color":"title_text_color","icon_width":"col-3"}},"1513034544483":{"type":"image-with-text","settings":{"section_margin":false,"section_border":"noborder","block_margin":"margin-15pert","image":"shopify:\/\/shop_images\/hand-linked-toe.gif","image_mob":"shopify:\/\/shop_images\/hand-linked-toe.gif","layout":"float-left","color_img_bg":"","title":"Hand-Linked Toe: Seamless for Babies","text":"<p>To ensure maximal comfort, our organic cotton baby socks use hand-linked toe seams.&nbsp;To link toe seams with only&nbsp;<em><strong>a single thread<\/strong><\/em>, our trained workers must be very skilled and attentive.&nbsp;<\/p>\n<p><\/p>\n<p>PURE&reg; baby socks with hand-linked toe feel completely&nbsp;<strong>seamless<\/strong>&nbsp;and so are much more comfortable for than ordinary socks.&nbsp;&nbsp;<\/p>\n<p>Hand-linked toe socks are essential for your baby&rsquo;s comfort. Once your baby experiences the luxury of seamless socks, they&rsquo;ll feel like they&rsquo;re walking on air!<\/p>","button_label":"","button_link":"","color_text_bg":"pre_bg_color0","head_text_size":"h4_size","head_text_align":"text-align-center","head_text_color":"title_text_color","body_text_size":"p_size","body_text_align":"text-align-left"}},"1514768881042":{"type":"featured-blog","settings":{"section_margin":false,"section_border":"noborder","blog":"baby-socks"}}},"content_for_index":["slideshow","1512836617277","1512668120247","1513034544483","collection-list","collection-row-1","collection-row-2","collection-row-3","1511028103602","1514768881042","1512938894398"]},"presets":{"Blue":{"ajax_cart_method":"modal","cart_notes_enable":false,"collection_sidebar_filters":"tags","color_accent":"#dd2525","color_body_bg":"#fff","color_body_text":"#585858","color_borders":"#ececec","color_footer_bg":"#f2f2f2","color_footer_social_link":"#bbbbbb","color_footer_text":"#636363","color_header_background":"#182e49","color_header_cart_search":"#0f243d","color_header_text":"#fff","color_heading_text":"#000","color_nav_bg":"#182e49","color_nav_text":"#fff","color_primary":"#528ec1","color_secondary":"#dcdcdc","share_facebook":true,"share_pinterest":true,"share_twitter":true,"social_facebook_link":"","social_fancy_link":"","social_google_plus_link":"","social_instagram_link":"","social_pinterest_link":"","social_sharing_style":"is-normal","social_snapchat_link":"","social_tumblr_link":"","social_twitter_link":"","social_vimeo_link":"","social_youtube_link":"","type_accent_family":"Google_Montserrat_400_sans","type_base_family":"Google_Montserrat_400,700_sans","type_base_size":"13px","type_button_size":"14px","type_button_transform":true,"type_header_family":"Google_Montserrat_700_sans","type_header_transform":true,"type_navigation_size":"14px","type_navigation_transform":true,"superscript_decimals":true,"sections":{"header":{"type":"header","settings":{}},"footer":{"type":"footer","blocks":{"text":{"type":"text","settings":{"title":"Get in touch","richtext":"<p>Use this text to share information about your brand with your customers.<\/p>"}}},"block_order":["text"],"settings":{}},"slideshow":{"type":"slideshow","blocks":{"slide-0":{"type":"image","settings":{"slide":""}},"slide-1":{"type":"image","settings":{"slide":""}},"slide-2":{"type":"image","settings":{"slide":""}}},"block_order":["slide-0","slide-1","slide-2"],"settings":{}},"collection-list":{"type":"collection-list","blocks":{"collection-list-0":{"type":"collection","settings":{"collection":""}},"collection-list-1":{"type":"collection","settings":{"collection":""}}},"block_order":["collection-list-0","collection-list-1"],"settings":{}},"collection-row-1":{"type":"collection-rows","settings":{"home_featured_row":"","grid":4,"rows":1}},"collection-row-2":{"type":"collection-rows","settings":{"home_featured_row":"","grid":4,"rows":1}},"collection-row-3":{"type":"collection-rows","settings":{"home_featured_row":"","grid":4,"rows":1}}},"content_for_index":["slideshow","collection-list","collection-row-1","collection-row-2","collection-row-3"]},"Light":{"ajax_cart_method":"modal","cart_notes_enable":false,"collection_sidebar_filters":"tags","color_accent":"#545454","color_body_bg":"#f3f3f3","color_body_text":"#858585","color_borders":"#dedede","color_footer_bg":"#ffffff","color_footer_social_link":"#545454","color_footer_text":"#545454","color_header_background":"#ffffff","color_header_cart_search":"#f3f3f3","color_header_text":"#545454","color_heading_text":"#2f2f2f","color_nav_bg":"#9c756f","color_nav_text":"#ffffff","color_primary":"#9c756f","color_secondary":"#f3f3f3","share_facebook":true,"share_pinterest":true,"share_twitter":true,"social_facebook_link":"","social_google_plus_link":"","social_instagram_link":"","social_sharing_style":"is-normal","social_twitter_link":"","type_accent_family":"Google_Lato_700_sans","type_base_family":"Google_Roboto_400,700_sans","type_base_size":"14px","type_button_size":"14px","type_button_transform":true,"type_header_family":"TimesNewRoman, 'Times New Roman', Times, Baskerville, Georgia, serif","type_header_transform":false,"type_navigation_size":"14px","type_navigation_transform":true,"superscript_decimals":true,"sections":{"header":{"type":"header","settings":{}},"footer":{"type":"footer","blocks":{"text":{"type":"text","settings":{"title":"Get in touch","richtext":"<p>Use this text to share information about your brand with your customers.<\/p>"}}},"block_order":["text"],"settings":{}},"slideshow":{"type":"slideshow","blocks":{"slide-0":{"type":"image","settings":{"slide":""}}},"block_order":["slide-0"],"settings":{}},"collection-list":{"type":"collection-list","blocks":{"collection-list-0":{"type":"collection","settings":{"collection":""}},"collection-list-1":{"type":"collection","settings":{"collection":""}}},"block_order":["collection-list-0","collection-list-1"],"settings":{}},"collection-row-1":{"type":"collection-rows","settings":{"home_featured_row":"","grid":4,"rows":1}},"collection-row-2":{"type":"collection-rows","settings":{"home_featured_row":"","grid":4,"rows":1}},"collection-row-3":{"type":"collection-rows","settings":{"home_featured_row":"","grid":4,"rows":1}},"featured-content":{"type":"featured-content","settings":{}},"slideshow-2":{"type":"slideshow","blocks":{"slideshow-2-0":{"type":"image","settings":{"slide":""}}},"block_order":["slideshow-2-0"],"settings":{}}},"content_for_index":["slideshow","collection-list","collection-row-1","collection-row-2","collection-row-3","slideshow-2","featured-content"]}}}