[{"name":"theme_info","theme_name":"Google AMP","theme_author":"Linling","theme_version":"1.0.0","theme_documentation_url":"https:\/\/help.shopify.com\/manual\/using-themes\/themes-by-shopify\/supply","theme_support_url":"https:\/\/support.shopify.com\/"},{"name":"Logo","settings":[{"type":"image_picker","id":"logo","label":"Custom logo"}]},{"name":"Colors","settings":[{"type":"header","content":"General"},{"type":"color","id":"color_body_bg","label":"Body background","default":"#ffffff"},{"type":"color","id":"color_borders","label":"Border color","default":"#ececec"},{"type":"color","id":"color_title_text","label":"Title text color","default":"#204a80"},{"type":"color","id":"color_price_text","label":"Price color","default":"#204a80"},{"type":"color","id":"color_sale_text","label":"Sale price color","default":"#204a80"},{"type":"color","id":"color_body_text","label":"Body text color","default":"#204a80"},{"type":"color","id":"color_body_links","label":"Body text link color","default":"#204a80"},{"type":"color","id":"color_button_bg","label":"Button background color","default":"#dcdcdc"},{"type":"color","id":"color_button_text","label":"Button text color","default":"#dcdcdc"},{"type":"color","id":"color_button_border","label":"Button border color","default":"#dcdcdc"},{"type":"color","id":"color_button_disabled","label":"Button-disabled color","default":"#dcdcdc"},{"type":"color","id":"color_input_text","label":"Input\/Selector text color","default":"#dcdcdc"},{"type":"color","id":"color_input_bg","label":"Input\/Selector bg color","default":"#dcdcdc"},{"type":"color","id":"color_blockquote_bg","label":"Blockquote bg color","default":"#dcdcdc"},{"type":"color","id":"product_reviews_star_color","label":"Review Star color","default":"#e5c649"},{"type":"header","content":"Header"},{"type":"color","id":"color_header_text","label":"Text and links","default":"#fff"},{"type":"color","id":"color_header_cart_search","label":"Cart and search icon color","default":"#fff"},{"type":"color","id":"color_header_search_bg","label":"Search widget background","default":"#fff"},{"type":"color","id":"color_nav_bg","label":"Header background","default":"#000"},{"type":"color","id":"color_mob_nav_bg","label":"Mobile menu background","default":"#000"},{"type":"color","id":"color_header_text_hover","label":"Text and links hover","default":"#fff"},{"type":"color","id":"color_account","label":"Account color","default":"#fff"},{"type":"header","content":"Announcement"},{"type":"color","id":"announcement_color_bg","label":"Bar Color","default":"#a4d7c7"},{"type":"color","id":"announcement_color_text","label":"Bar Text","default":"#ffffff"},{"type":"header","content":"Pagination"},{"type":"color","id":"color_pagination_text_bg","label":"Pagination text background","default":"#f2f2f2"},{"type":"color","id":"color_pagination_text","label":"Pagination text color","default":"#636363"},{"type":"color","id":"color_pagination_text_border","label":"Pagination text border color","default":"#636363"},{"type":"color","id":"color_pagination_link_bg","label":"Pagination link background","default":"#f2f2f2"},{"type":"color","id":"color_pagination_link","label":"Pagination link color","default":"#636363"},{"type":"color","id":"color_pagination_link_border","label":"Pagination link border color","default":"#636363"},{"type":"header","content":"Footer"},{"type":"color","id":"color_footer_bg","label":"Background","default":"#f2f2f2"},{"type":"color","id":"color_footer_text","label":"Text","default":"#636363"},{"type":"color","id":"color_footer_links","label":"Links","default":"#636363"},{"type":"header","content":"Table"},{"type":"color","id":"color_table_odd","label":"Table odd line color","default":"#f2f2f2"},{"type":"color","id":"color_table_odd_text","label":"Table odd line text color","default":"#f2f2f2"},{"type":"color","id":"color_table_even","label":"Table even line color","default":"#636363"},{"type":"color","id":"color_table_even_text","label":"Table even line text color","default":"#636363"},{"type":"color","id":"color_table_header","label":"Table header line color","default":"#636363"},{"type":"color","id":"color_table_header_text","label":"Table header line text color","default":"#636363"},{"type":"color","id":"color_table_link_text","label":"Table link text color","default":"#636363"},{"type":"header","content":"Predefine color set"},{"type":"color","id":"pre_color0","label":"Color0","default":"#a4d7c7"},{"type":"color","id":"pre_color1","label":"Color1","default":"#a4d7c7"},{"type":"color","id":"pre_color2","label":"Color2","default":"#a4d7c7"},{"type":"color","id":"pre_color3","label":"Color3","default":"#a4d7c7"},{"type":"color","id":"pre_color4","label":"Color4","default":"#a4d7c7"}]},{"name":"Typography","settings":[{"type":"header","content":"Body Text Font"},{"type":"select","id":"title_font","label":"Title font","options":[{"value":"Delius Swash Caps","label":"Delius Swash Caps","group":"Google Fonts"},{"value":"Ubuntu","label":"Ubuntu","group":"Google Fonts"},{"value":"Vollkorn","label":"Vollkorn","group":"Google Fonts"},{"value":"Old Standard TT","label":"Old Standard TT","group":"Google Fonts"}]},{"type":"select","id":"title_font_weight","label":"Title font weight","options":[{"value":"normal","label":"normal"},{"value":"bold","label":"bold"},{"value":"bolder","label":"bolder"},{"value":"lighter","label":"lighter"}]},{"type":"select","id":"title_font_size","label":"H1 title font size","options":[{"value":"1.0","label":"1.0em"},{"value":"1.1","label":"1.1em"},{"value":"1.2","label":"1.2em"},{"value":"1.3","label":"1.3em"},{"value":"1.4","label":"1.4em"},{"value":"1.5","label":"1.5em"},{"value":"1.6","label":"1.6em"},{"value":"1.7","label":"1.7em"},{"value":"1.8","label":"1.8em"},{"value":"1.9","label":"1.9em"},{"value":"2.0","label":"2.0em"},{"value":"2.1","label":"2.1em"},{"value":"2.2","label":"2.2em"},{"value":"2.3","label":"2.3em"},{"value":"2.4","label":"2.4em"}]},{"type":"checkbox","id":"title_font_transform","label":"Capitalize Title"},{"type":"select","id":"body_font","label":"Body font","options":[{"value":"Delius Swash Caps","label":"Delius Swash Caps","group":"Google Fonts"},{"value":"Ubuntu","label":"Ubuntu","group":"Google Fonts"},{"value":"Vollkorn","label":"Vollkorn","group":"Google Fonts"},{"value":"Old Standard TT","label":"Old Standard TT","group":"Google Fonts"}]},{"type":"select","id":"body_font_size","label":"Body font size","options":[{"value":"0.8","label":"0.8em"},{"value":"0.9","label":"0.9em"},{"value":"1.0","label":"1.0em"},{"value":"1.1","label":"1.1em"},{"value":"1.2","label":"1.2em"},{"value":"1.3","label":"1.3em"},{"value":"1.4","label":"1.4em"}]},{"type":"select","id":"footer_font","label":"Footer font","options":[{"value":"Delius Swash Caps","label":"Delius Swash Caps","group":"Google Fonts"},{"value":"Ubuntu","label":"Ubuntu","group":"Google Fonts"},{"value":"Vollkorn","label":"Vollkorn","group":"Google Fonts"},{"value":"Old Standard TT","label":"Old Standard TT","group":"Google Fonts"}]},{"type":"select","id":"footer_font_size","label":"Footer font size","options":[{"value":"0.6em","label":"0.6em"},{"value":"0.7em","label":"0.7em"},{"value":"0.8em","label":"0.8em"},{"value":"0.9em","label":"0.9em"}]},{"type":"header","content":"Heading styles"},{"type":"select","id":"header_font","label":"Header font","options":[{"value":"Delius Swash Caps","label":"Delius Swash Caps","group":"Google Fonts"},{"value":"Ubuntu","label":"Ubuntu","group":"Google Fonts"},{"value":"Vollkorn","label":"Vollkorn","group":"Google Fonts"},{"value":"Old Standard TT","label":"Old Standard TT","group":"Google Fonts"}]},{"type":"select","id":"header_font_size","label":"Header font size","options":[{"value":"0.8em","label":"0.8em"},{"value":"0.9em","label":"0.9em"},{"value":"1.0em","label":"1.0em"},{"value":"1.1em","label":"1.1em"},{"value":"1.2em","label":"1.2em"},{"value":"1.3em","label":"1.3em"},{"value":"1.4em","label":"1.4em"},{"value":"1.5em","label":"1.5em"},{"value":"1.6em","label":"1.6em"},{"value":"1.7em","label":"1.7em"},{"value":"1.8em","label":"1.8em"}]},{"type":"select","id":"header_font_weight","label":"Header font weight","options":[{"value":"normal","label":"normal"},{"value":"bold","label":"bold"},{"value":"bolder","label":"bolder"},{"value":"lighter","label":"lighter"}]},{"type":"select","id":"header_font_style","label":"Header font style","options":[{"value":"normal","label":"normal"},{"value":"italic","label":"italic"}]},{"type":"checkbox","id":"header_font_transform","label":"Capitalize headings"},{"type":"header","content":"Buttons styles"},{"type":"select","id":"button_font","label":"Button font","options":[{"value":"Delius Swash Caps","label":"Delius Swash Caps","group":"Google Fonts"},{"value":"Ubuntu","label":"Ubuntu","group":"Google Fonts"},{"value":"Vollkorn","label":"Vollkorn","group":"Google Fonts"},{"value":"Old Standard TT","label":"Old Standard TT","group":"Google Fonts"}]},{"type":"select","id":"button_font_size","label":"Button font size","options":[{"value":"0.8em","label":"0.8em"},{"value":"0.9em","label":"0.9em"},{"value":"1.0em","label":"1.0em"},{"value":"1.1em","label":"1.1em"},{"value":"1.2em","label":"1.2em"},{"value":"1.3em","label":"1.3em"},{"value":"1.4em","label":"1.4em"},{"value":"1.5em","label":"1.5em"},{"value":"1.6em","label":"1.6em"},{"value":"1.7em","label":"1.7em"},{"value":"1.8em","label":"1.8em"}]},{"type":"select","id":"label_font_size","label":"Label font size","options":[{"value":"0.5em","label":"0.5em"},{"value":"0.6em","label":"0.6em"},{"value":"0.7em","label":"0.7em"},{"value":"0.8em","label":"0.8em"},{"value":"0.9em","label":"0.9em"},{"value":"1.0em","label":"1.0em"},{"value":"1.1em","label":"1.1em"},{"value":"1.2em","label":"1.2em"},{"value":"1.3em","label":"1.3em"}]},{"type":"checkbox","id":"button_font_transform","label":"Capitalize buttons"},{"type":"header","content":"Pagination styles"},{"type":"select","id":"pagination_text_font_size","label":"Pagination text font size","options":[{"value":"0.8em","label":"0.8em"},{"value":"0.9em","label":"0.9em"},{"value":"1.0em","label":"1.0em"},{"value":"1.1em","label":"1.1em"},{"value":"1.2em","label":"1.2em"},{"value":"1.3em","label":"1.3em"},{"value":"1.4em","label":"1.4em"},{"value":"1.5em","label":"1.5em"},{"value":"1.6em","label":"1.6em"},{"value":"1.7em","label":"1.7em"},{"value":"1.8em","label":"1.8em"}]},{"type":"select","id":"pagination_link_font_size","label":"Pagination link font size","options":[{"value":"0.8em","label":"0.8em"},{"value":"0.9em","label":"0.9em"},{"value":"1.0em","label":"1.0em"},{"value":"1.1em","label":"1.1em"},{"value":"1.2em","label":"1.2em"},{"value":"1.3em","label":"1.3em"},{"value":"1.4em","label":"1.4em"},{"value":"1.5em","label":"1.5em"},{"value":"1.6em","label":"1.6em"},{"value":"1.7em","label":"1.7em"},{"value":"1.8em","label":"1.8em"}]},{"type":"header","content":"Table styles"},{"type":"select","id":"table_font_size","label":"Table text font size","options":[{"value":"0.8em","label":"0.8em"},{"value":"0.9em","label":"0.9em"},{"value":"1.0em","label":"1.0em"},{"value":"1.1em","label":"1.1em"},{"value":"1.2em","label":"1.2em"},{"value":"1.3em","label":"1.3em"},{"value":"1.4em","label":"1.4em"},{"value":"1.5em","label":"1.5em"},{"value":"1.6em","label":"1.6em"},{"value":"1.7em","label":"1.7em"},{"value":"1.8em","label":"1.8em"}]},{"type":"select","id":"table_link_font_size","label":"Table link font size","options":[{"value":"0.8em","label":"0.8em"},{"value":"0.9em","label":"0.9em"},{"value":"1.0em","label":"1.0em"},{"value":"1.1em","label":"1.1em"},{"value":"1.2em","label":"1.2em"},{"value":"1.3em","label":"1.3em"},{"value":"1.4em","label":"1.4em"},{"value":"1.5em","label":"1.5em"},{"value":"1.6em","label":"1.6em"},{"value":"1.7em","label":"1.7em"},{"value":"1.8em","label":"1.8em"}]},{"type":"select","id":"table_header_font_size","label":"Table header font size","options":[{"value":"0.8em","label":"0.8em"},{"value":"0.9em","label":"0.9em"},{"value":"1.0em","label":"1.0em"},{"value":"1.1em","label":"1.1em"},{"value":"1.2em","label":"1.2em"},{"value":"1.3em","label":"1.3em"},{"value":"1.4em","label":"1.4em"},{"value":"1.5em","label":"1.5em"},{"value":"1.6em","label":"1.6em"},{"value":"1.7em","label":"1.7em"},{"value":"1.8em","label":"1.8em"}]}]},{"name":"Favicon","settings":[{"type":"image_picker","id":"favicon","label":"Favicon image","info":"Will be scaled down to 32 x 32px"}]},{"name":"Cart","settings":[{"type":"checkbox","id":"cart_notes_enable","label":"Enable order notes"}]},{"name":"Slideshow Caption","settings":[{"type":"header","content":"Text Format"},{"type":"select","id":"slideshow_body_font","label":"Slideshow font","options":[{"value":"Delius Swash Caps","label":"Delius Swash Caps","group":"Google Fonts"},{"value":"Ubuntu","label":"Ubuntu","group":"Google Fonts"},{"value":"Vollkorn","label":"Vollkorn","group":"Google Fonts"},{"value":"Old Standard TT","label":"Old Standard TT","group":"Google Fonts"}]},{"type":"select","id":"slideshow_font_weight","label":"slideshow font weight","options":[{"value":"normal","label":"normal"},{"value":"bold","label":"bold"},{"value":"bolder","label":"bolder"},{"value":"lighter","label":"lighter"}]},{"type":"header","content":"Position Settings"},{"type":"text","id":"slideshow_cap_top","label":"Slideshow capation top position (x%)","default":"20%"},{"type":"text","id":"slideshow_cap_left","label":"Slideshow capation left position (x%)","default":"20%"},{"type":"text","id":"slideshow_cap_max-width","label":"Slideshow capation width (x%)","default":"60%"},{"type":"text","id":"slideshow_cap_maxheight","label":"Slideshow capation max-height (x%)","default":"60%"},{"type":"header","content":"Position Settings for Mobile"},{"type":"text","id":"slideshow_cap_top_mob","label":"Slideshow capation top position (x%)","default":"20%"},{"type":"text","id":"slideshow_cap_left_mob","label":"Slideshow capation left position (x%)","default":"20%"},{"type":"text","id":"slideshow_cap_width_mob","label":"Slideshow capation max-width (x%)","default":"60%"},{"type":"text","id":"slideshow_cap_maxheight_mob","label":"Slideshow capation max-height (x%)","default":"60%"},{"type":"header","content":"Color Settings"},{"type":"color","id":"color_slideshow_cap_text","label":"Slideshow capation text","default":"#f2f2f2"},{"type":"color","id":"color_slideshow_cap_bg","label":"Slideshow capation background","default":"#f2f2f2"},{"type":"color","id":"color_slideshow_cap_border","label":"Slideshow capation border","default":"#f2f2f2"},{"type":"color","id":"color_slideshow_cap_link","label":"Slideshow capation button","default":"#f2f2f2"},{"type":"color","id":"color_slideshow_cap_link_border","label":"Slideshow capation button border","default":"#f2f2f2"},{"type":"color","id":"color_slideshow_cap_link_bg","label":"Slideshow capation button background","default":"#ffffff"},{"type":"header","content":"Size Settings"},{"type":"select","id":"slideshow_cap_border_width","label":"Slideshow capation border width","options":[{"value":"0px","label":"0px"},{"value":"1px","label":"1px"},{"value":"2px","label":"2px"},{"value":"3px","label":"3px"},{"value":"5px","label":"5px"}]},{"type":"select","id":"slideshow_cap_link_border_width","label":"Slideshow capation link border width","options":[{"value":"0px","label":"0px"},{"value":"1px","label":"1px"},{"value":"2px","label":"2px"},{"value":"3px","label":"3px"},{"value":"5px","label":"5px"}]}]},{"name":"Product","settings":[{"type":"checkbox","id":"product_image_zoom_enable","label":"Enable image zoom"},{"type":"checkbox","id":"product_quantity_enable","label":"Show quantity selector"},{"type":"checkbox","id":"product_quantity_message","label":"Show remaining quantity message"},{"type":"checkbox","id":"product_incoming_message","label":"Show incoming stock transfer message when sold out"},{"type":"checkbox","id":"product_vendor_enable","label":"Show product vendor"},{"type":"checkbox","id":"product_show_compare_at_price","label":"Show compare at price","default":false},{"type":"checkbox","id":"related_products_enable","label":"Show related products"},{"type":"checkbox","id":"social_sharing_products","label":"Enable product sharing","default":true},{"type":"checkbox","id":"product_reviews_enable","label":"Enable product reviews","info":"Install the free Shopify [Product Reviews](https:\/\/apps.shopify.com\/product-reviews) app to add product reviews."}]},{"name":"Social media","settings":[{"type":"header","content":"Social sharing image"},{"type":"image_picker","id":"share_image","label":"Image","info":"Shown when sharing a link on social media. [Learn more](https:\/\/help.shopify.com\/manual\/using-themes\/troubleshooting\/showing-social-media-thumbnail-images\/) about image thumbnails."},{"type":"header","content":"Accounts"},{"type":"text","id":"social_twitter_link","label":"Twitter","info":"https:\/\/twitter.com\/shopify"},{"type":"text","id":"social_facebook_link","label":"Facebook","info":"https:\/\/facebook.com\/shopify"},{"type":"text","id":"social_pinterest_link","label":"Pinterest","info":"https:\/\/pinterest.com\/shopify"},{"type":"text","id":"social_google_plus_link","label":"Google+","info":"https:\/\/plus.google.com\/+shopify"},{"type":"text","id":"social_instagram_link","label":"Instagram","info":"https:\/\/instagram.com\/shopify"},{"type":"text","id":"social_snapchat_link","label":"Snapchat","info":"https:\/\/snapchat.com\/add\/shopify"},{"type":"text","id":"social_tumblr_link","label":"Tumblr","info":"https:\/\/www.tumblr.com"},{"type":"text","id":"social_youtube_link","label":"YouTube","info":"https:\/\/www.youtube.com\/shopify"},{"type":"text","id":"social_vimeo_link","label":"Vimeo","info":"https:\/\/vimeo.com\/shopify"},{"type":"text","id":"social_fancy_link","label":"Fancy","info":"http:\/\/fancy.com\/shopify"},{"type":"header","content":"Sharing"},{"type":"select","id":"social_sharing_style","label":"Button style","options":[{"value":"is-default","label":"Normal"},{"value":"is-large","label":"Large"},{"value":"is-clean","label":"Clean"}]},{"type":"checkbox","id":"share_facebook","label":"Share on Facebook"},{"type":"checkbox","id":"share_twitter","label":"Tweet on Twitter"},{"type":"checkbox","id":"share_pinterest","label":"Pin on Pinterest"}]}]